,MEMBER,PARTY,PVI,2016 D%,2016 R%,CLINTON %,TRUMP %
Alabama-01,Bradley Byrne,R,R+15,0.00%,96.40%,33.80%,63.00%
Alabama-02,Martha Roby,R,R+16,40.50%,48.80%,32.80%,64.50%
Alabama-03,Mike Rogers,R,R+16,32.90%,66.90%,31.90%,64.80%
Alabama-04,Robert Aderholt,R,R+30,0.00%,98.50%,17.30%,79.80%
Alabama-05,Mo Brooks,R,R+18,33.20%,66.70%,30.90%,63.70%
Alabama-06,Gary Palmer,R,R+26,25.40%,74.50%,25.80%,69.60%
Alabama-07,Terri Sewell,D,D+20,98.40%,0.00%,69.50%,28.30%
Alaska-AL,Don Young,R,R+9,36.00%,50.30%,36.60%,51.30%
Arizona-01,Tom O'Halleran,D,R+2,50.70%,43.40%,46.00%,47.00%
Arizona-02,Martha McSally,R,R+1,43.00%,57.00%,48.70%,43.90%
Arizona-03,Raul Grijalva,D,D+13,88.10%,0.00%,61.60%,32.10%
Arizona-04,Paul Gosar,R,R+21,28.50%,71.50%,27.00%,66.40%
Arizona-05,Andy Biggs,R,R+15,35.90%,64.10%,35.50%,56.10%
Arizona-06,David Schweikert,R,R+9,37.90%,62.10%,41.70%,51.60%
Arizona-07,Ruben Gallego,D,D+23,75.20%,24.70%,70.60%,22.30%
Arizona-08,Trent Franks,R,R+13,0.00%,68.50%,36.40%,57.10%
Arizona-09,Kyrsten Sinema,D,D+4,60.90%,39.00%,53.50%,37.60%
Arkansas-01,Rick Crawford,R,R+17,0.00%,76.30%,30.20%,65.00%
Arkansas-02,French Hill,R,R+7,36.80%,58.30%,41.70%,52.40%
Arkansas-03,Steve Womack,R,R+19,0.00%,77.30%,30.50%,61.90%
Arkansas-04,Bruce Westerman,R,R+17,0.00%,74.90%,31.30%,64.20%
California-01,Doug La Malfa,R,R+11,40.90%,59.10%,36.00%,55.40%
California-02,Jared Huffman,D,D+22,76.90%,23.10%,68.30%,23.10%
California-03,John Garamendi,D,D+5,59.40%,40.60%,52.60%,40.10%
California-04,Tom McClintock,R,R+10,37.30%,62.70%,38.50%,53.00%
California-05,Mike Thompson,D,D+21,76.90%,23.10%,68.80%,24.20%
California-06,Doris Matsui,D,D+21,75.40%,24.60%,68.00%,24.00%
California-07,Ami Bera,D,D+3,51.20%,48.80%,51.40%,40.10%
California-08,Paul Cook,R,R+9,37.70%,62.30%,39.60%,54.70%
California-09,Jerry McNerney,D,D+8,57.40%,42.60%,55.30%,37.20%
California-10,Jeff Denham,R,EVEN,48.30%,51.70%,47.90%,44.90%
California-11,Mark DeSaulnier,D,D+21,72.10%,27.90%,69.70%,22.10%
California-12,Nancy Pelosi,D,D+37,80.90%,0.00%,85.20%,8.60%
California-13,Barbara Lee,D,D+40,90.80%,9.20%,86.00%,6.70%
California-14,Jackie Speier,D,D+27,80.90%,19.10%,76.80%,18.20%
California-15,Eric Swalwell,D,D+20,73.80%,26.20%,68.60%,23.70%
California-16,Jim Costa,D,D+9,58.00%,42.00%,57.20%,35.90%
California-17,Ro Khanna,D,D+25,100.00%,0.00%,73.60%,20.40%
California-18,Anna Eshoo,D,D+23,71.10%,28.90%,73.40%,20.20%
California-19,Zoe Lofgren,D,D+24,73.90%,26.10%,72.90%,21.50%
California-20,Jimmy Panetta,D,D+23,70.80%,29.20%,69.90%,23.10%
California-21,David Valadao,R,D+5,43.30%,56.70%,54.70%,39.30%
California-22,Devin Nunes,R,R+8,32.40%,67.60%,41.90%,51.30%
California-23,Kevin McCarthy,R,R+14,30.80%,69.20%,35.80%,57.70%
California-24,Salud Carbajal,D,D+7,53.40%,46.60%,55.90%,36.00%
California-25,Steve Knight,R,EVEN,46.90%,53.10%,50.10%,43.40%
California-26,Julia Brownley,D,D+7,60.40%,39.60%,56.60%,35.20%
California-27,Judy Chu,D,D+16,67.40%,32.60%,66.00%,28.40%
California-28,Adam Schiff,D,D+23,78.00%,22.00%,72.10%,22.30%
California-29,Tony Cardenas,D,D+29,100.00%,0.00%,77.70%,16.80%
California-30,Brad Sherman,D,D+18,72.60%,27.40%,69.10%,25.70%
California-31,Pete Aguilar,D,D+8,56.10%,43.90%,57.70%,36.60%
California-32,Grace Napolitano,D,D+17,100.00%,0.00%,66.60%,27.70%
California-33,Ted Lieu,D,D+16,66.40%,33.60%,67.80%,26.50%
California-34,Xavier Becerra,D,D+35,100.00%,0.00%,83.60%,10.70%
California-35,Norma Torres,D,D+19,72.40%,27.60%,67.70%,26.90%
California-36,Raul Ruiz,D,D+2,62.10%,37.90%,52.20%,43.40%
California-37,Karen Bass,D,D+37,100.00%,0.00%,85.70%,9.60%
California-38,Linda Sanchez,D,D+17,70.50%,29.50%,67.00%,27.40%
California-39,Ed Royce,R,EVEN,42.80%,57.20%,51.10%,42.60%
California-40,Lucille Roybal-Allard,D,D+33,71.40%,0.00%,82.20%,12.80%
California-41,Mark Takano,D,D+12,65.00%,35.00%,61.00%,33.10%
California-42,Ken Calvert,R,R+9,41.20%,58.80%,41.40%,53.40%
California-43,Maxine Waters,D,D+29,76.10%,23.90%,78.40%,16.70%
California-44,Nanette Barragan,D,D+35,100.00%,0.00%,83.00%,12.30%
California-45,Mimi Walters,R,R+3,41.40%,58.60%,49.40%,44.00%
California-46,Lou Correa,D,D+15,100.00%,0.00%,65.60%,27.60%
California-47,Alan Lowenthal,D,D+13,63.70%,36.30%,62.40%,30.90%
California-48,Dana Rohrabacher,R,R+4,41.70%,58.30%,47.50%,45.80%
California-49,Darrell Issa,R,R+1,49.70%,50.30%,50.50%,43.10%
California-50,Duncan D. Hunter,R,R+11,36.50%,63.50%,39.60%,54.60%
California-51,Juan Vargas,D,D+22,72.80%,27.20%,71.70%,22.70%
California-52,Scott Peters,D,D+6,56.50%,43.50%,58.10%,35.60%
California-53,Susan Davis,D,D+14,67.00%,33.00%,64.50%,29.60%
Colorado-01,Diana DeGette,D,D+21,67.90%,27.70%,69.10%,23.30%
Colorado-02,OPEN (Polis),D,D+9,56.90%,37.20%,56.30%,35.00%
Colorado-03,Scott Tipton,R,R+6,40.30%,54.60%,40.00%,52.00%
Colorado-04,Ken Buck,R,R+13,31.70%,63.50%,34.30%,57.40%
Colorado-05,Doug Lamborn,R,R+14,30.90%,62.30%,33.20%,57.20%
Colorado-06,Mike Coffman,R,D+2,42.60%,50.90%,50.20%,41.30%
Colorado-07,Ed Perlmutter,D,D+6,55.20%,39.80%,51.80%,39.70%
Connecticut-01,John Larson,D,D+12,64.10%,33.80%,59.30%,36.30%
Connecticut-02,Joe Courtney,D,D+3,63.20%,33.70%,48.60%,45.70%
Connecticut-03,Rosa DeLauro,D,D+9,69.00%,31.00%,55.80%,40.30%
Connecticut-04,Jim Himes,D,D+7,59.90%,40.10%,59.50%,36.50%
Connecticut-05,Elizabeth Etsy,D,D+2,58.00%,42.00%,49.90%,45.80%
Delaware-AL,Lisa Blunt Rochester,D,D+6,55.50%,41.00%,53.20%,41.80%
Florida-01,Matt Gaetz,R,R+22,30.90%,69.10%,28.20%,67.50%
Florida-02,Neal Dunn,R,R+18,29.90%,67.30%,30.60%,66.20%
Florida-03,Ted Yoho,R,R+9,39.80%,56.60%,40.20%,56.20%
Florida-04,John Rutherford,R,R+17,27.60%,70.20%,34.10%,62.10%
Florida-05,Al Lawson,D,D+12,64.20%,35.80%,61.30%,35.90%
Florida-06,Ron DeSantis,R,R+7,41.40%,58.60%,39.90%,56.90%
Florida-07,Stephanie Murphy,D,EVEN,51.50%,48.50%,51.40%,44.10%
Florida-08,Bill Posey,R,R+11,32.50%,63.10%,37.70%,58.40%
Florida-09,Darren Soto,D,D+5,57.50%,42.50%,54.80%,41.90%
Florida-10,Val Demings,D,D+11,64.90%,35.10%,61.80%,34.90%
Florida-11,Dan Webster,R,R+15,31.60%,65.40%,32.50%,64.80%
Florida-12,Gus Bilirakis,R,R+8,31.40%,68.60%,38.80%,57.40%
Florida-13,Charlie Crist,D,D+2,51.90%,48.10%,49.60%,46.40%
Florida-14,Kathy Castor,D,D+7,61.80%,38.20%,57.20%,39.00%
Florida-15,Dennis Ross,R,R+6,42.50%,57.50%,43.10%,53.10%
Florida-16,Vern Buchanan,R,R+7,40.20%,59.80%,43.00%,53.70%
Florida-17,Tom Rooney,R,R+13,34.20%,61.80%,35.00%,62.20%
Florida-18,Brian Mast,R,R+5,43.10%,53.60%,44.10%,53.30%
Florida-19,Francis Rooney,R,R+13,34.10%,65.90%,37.50%,59.60%
Florida-20,Alcee Hastings,D,D+31,80.30%,19.70%,80.20%,18.10%
Florida-21,Lois Frankel,D,D+9,62.70%,35.10%,58.60%,39.10%
Florida-22,Ted Deutch,D,D+6,58.90%,41.10%,56.80%,41.00%
Florida-23,Debbie Wasserman Schultz,D,D+11,56.70%,40.50%,61.90%,35.80%
Florida-24,Frederica Wilson,D,D+34,100.00%,0.00%,82.70%,15.50%
Florida-25,Mario Diaz-Balart,R,R+4,37.60%,62.40%,47.90%,49.70%
Florida-26,Carlos Curbelo,R,D+6,41.20%,53.00%,56.80%,40.50%
Florida-27,OPEN (Ros-Lehtinen),R,D+5,45.10%,54.90%,58.60%,38.90%
Georgia-01,Buddy Carter,R,R+9,0.00%,100.00%,40.90%,56.40%
Georgia-02,Sanford Bishop,D,D+6,61.20%,38.80%,55.00%,43.30%
Georgia-03,Drew Ferguson,R,R+18,31.70%,68.30%,32.80%,64.30%
Georgia-04,Hank Johnson,D,D+24,75.70%,24.30%,75.30%,22.20%
Georgia-05,John Lewis,D,D+34,84.40%,15.60%,85.00%,11.90%
Georgia-06,Karen Handel,R,R+8,38.30%,61.70%,46.80%,48.30%
Georgia-07,Rob Woodall,R,R+9,39.60%,60.40%,44.80%,51.10%
Georgia-08,Austin Scott,R,R+15,32.40%,67.60%,34.40%,63.30%
Georgia-09,Doug Collins,R,R+31,0.00%,100.00%,19.30%,77.80%
Georgia-10,Jody Hice,R,R+15,0.00%,100.00%,35.80%,61.30%
Georgia-11,Barry Loudermilk,R,R+17,32.60%,67.40%,35.30%,60.30%
Georgia-12,Rick Allen,R,R+9,38.40%,61.60%,40.70%,56.90%
Georgia-13,David Scott,D,D+20,100.00%,0.00%,71.00%,26.60%
Georgia-14,Tom Graves,R,R+27,0.00%,100.00%,22.10%,75.00%
Hawaii-01,OPEN (Hanabusa),D,D+17,71.90%,22.70%,63.10%,30.50%
Hawaii-02,Tulsi Gabbard,D,D+19,81.20%,18.80%,61.40%,29.60%
Idaho-01,OPEN (Labrador),R,R+21,31.80%,68.20%,25.40%,63.70%
Idaho-02,Mike Simpson,R,R+17,29.40%,62.90%,29.80%,54.50%
Illinois-01,Bobby Rush,D,D+27,74.10%,25.90%,74.70%,21.50%
Illinois-02,Robin Kelly,D,D+29,79.80%,20.20%,77.60%,19.00%
Illinois-03,Dan Lipinski,D,D+6,100.00%,0.00%,54.90%,39.40%
Illinois-04,Luis Gutierrez,D,D+33,100.00%,0.00%,81.30%,13.10%
Illinois-05,Mike Quigley,D,D+20,67.80%,27.50%,69.60%,23.60%
Illinois-06,Peter Roskam,R,R+2,40.80%,59.20%,49.90%,43.00%
Illinois-07,Danny Davis,D,D+38,84.20%,15.80%,86.50%,9.10%
Illinois-08,Raja Krishnamoorthi,D,D+8,58.30%,41.70%,57.50%,36.00%
Illinois-09,Jan Schakowsky,D,D+18,66.50%,33.50%,69.10%,24.60%
Illinois-10,Brad Schneider,D,D+10,52.60%,47.40%,61.00%,32.10%
Illinois-11,Bill Foster,D,D+9,60.40%,39.60%,58.40%,35.20%
Illinois-12,Mike Bost,R,R+5,39.70%,54.30%,40.10%,54.90%
Illinois-13,Rodney Davis,R,R+3,40.30%,59.70%,44.30%,49.50%
Illinois-14,Randy Hultgren,R,R+5,40.70%,59.30%,45.30%,49.30%
Illinois-15,John Shimkus,R,R+21,0.00%,100.00%,24.50%,70.70%
Illinois-16,Adam Kinzinger,R,R+8,0.00%,99.90%,38.20%,55.00%
Illinois-17,Cheri Bustos,D,D+2,60.30%,39.70%,46.50%,47.30%
Illinois-18,Darin LaHood,R,R+15,27.90%,72.10%,32.80%,60.50%
Indiana-01,Peter Visclosky,D,D+8,81.50%,0.00%,53.80%,41.30%
Indiana-02,Jackie Walorski,R,R+11,36.90%,59.30%,35.90%,58.90%
Indiana-03,Jim Banks,R,R+18,23.00%,70.10%,29.90%,64.70%
Indiana-04,OPEN (Rokita),R,R+17,30.50%,64.60%,30.00%,63.90%
Indiana-05,Susan Brooks,R,R+9,34.30%,61.50%,40.90%,52.60%
Indiana-06,OPEN (Messer),R,R+18,26.70%,69.10%,27.30%,67.50%
Indiana-07,Andre Carson,D,D+11,60.00%,35.70%,58.20%,35.70%
Indiana-08,Larry Bucshon,R,R+15,31.70%,63.70%,30.80%,64.40%
Indiana-09,Trey Hollingsworth,R,R+13,40.50%,54.10%,34.00%,60.80%
Iowa-01,Rod Blum,R,D+1,46.10%,53.70%,44.60%,48.10%
Iowa-02,Dave Loebsack,D,D+1,53.70%,46.20%,44.40%,48.50%
Iowa-03,David Young ,R,R+1,39.70%,53.40%,44.50%,48.00%
Iowa-04,Steve King,R,R+11,38.60%,61.20%,33.20%,60.30%
Kansas-01,Roger Marshall,R,R+24,0.00%,65.90%,24.20%,69.00%
Kansas-02,(Open) Jenkins,R,R+10,32.60%,60.90%,37.30%,55.60%
Kansas-03,Kevin Yoder,R,R+4,40.60%,51.30%,46.90%,45.70%
Kansas-04,Ron Estes,R,R+15,29.60%,60.70%,32.80%,59.80%
Kentucky-01,James Comer,R,R+23,27.30%,72.60%,23.90%,72.40%
Kentucky-02,Brett Guthrie,R,R+19,0.00%,100.00%,27.60%,67.50%
Kentucky-03,John Yarmuth,D,D+6,63.50%,36.50%,54.90%,39.90%
Kentucky-04,Thomas Massie,R,R+18,28.70%,71.30%,29.20%,65.10%
Kentucky-05,Hal Rogers,R,R+31,0.00%,100.00%,17.50%,79.60%
Kentucky-06,Andy Barr,R,R+9,38.90%,61.10%,39.40%,54.70%
Louisiana-01,Steve Scalise,R,R+24,19.50%,74.60%,26.80%,69.00%
Louisiana-02,Cedric Richmond,D,D+25,100.00%,0.00%,75.10%,22.40%
Louisiana-03,Clay Higgins,R,R+20,17.50%,80.70%,29.20%,67.30%
Louisiana-04,Mike Johnson,R,R+13,28.20%,69.80%,36.60%,60.60%
Louisiana-05,Ralph Abraham,R,R+15,0.00%,100.00%,34.10%,63.50%
Louisiana-06,Garret Graves,R,R+19,23.90%,72.80%,31.30%,65.30%
Maine-01,Chellie Pingree,D,D+8,58.00%,41.90%,54.00%,39.20%
Maine-02,Bruce Poliquin,R,R+2,45.20%,54.80%,41.00%,51.30%
Maryland-01,Andy Harris,R,R+14,28.60%,67.00%,34.90%,60.00%
Maryland-02,Dutch Ruppersberger,D,D+11,62.10%,33.10%,58.10%,37.20%
Maryland-03,John Sarbanes,D,D+13,63.20%,33.90%,62.80%,31.90%
Maryland-04,Anthony Brown,D,D+28,74.10%,21.40%,76.80%,19.70%
Maryland-05,Steny Hoyer,D,D+16,67.40%,29.40%,64.90%,31.10%
Maryland-06,OPEN (Delaney),D,D+6,56.00%,40.10%,55.20%,39.80%
Maryland-07,Elijah Cummings,D,D+26,74.90%,21.80%,74.00%,21.50%
Maryland-08,Jamie Raskin,D,D+14,60.60%,34.20%,64.20%,30.90%
Massachusetts-01,Richard Neal,D,D+12,73.30%,0.00%,56.30%,36.00%
Massachusetts-02,Jim McGovern,D,D+9,98.20%,0.00%,55.30%,36.20%
Massachusetts-03,OPEN (Tsongas),D,D+9,68.70%,31.20%,57.30%,34.80%
Massachusetts-04,Joe Kennedy,D,D+9,70.10%,29.80%,58.10%,34.40%
Massachusetts-05,Katherine Clark,D,D+18,98.60%,0.00%,68.20%,25.30%
Massachusetts-06,Seth Moulton,D,D+6,98.40%,0.00%,55.10%,37.60%
Massachusetts-07,Mike Capuano,D,D+34,98.60%,0.00%,83.00%,11.80%
Massachusetts-08,Stephen Lynch,D,D+10,72.40%,27.50%,59.50%,33.80%
Massachusetts-09,Bill Keating,D,D+4,55.70%,33.60%,51.70%,41.20%
Michigan-01,Jack Bergman,R,R+9,40.10%,54.90%,36.50%,57.80%
Michigan-02,Bill Huizenga,R,R+9,32.50%,62.60%,37.80%,55.10%
Michigan-03,Justin Amash,R,R+6,37.50%,59.50%,42.10%,51.60%
Michigan-04,John Moolenaar,R,R+10,32.10%,61.60%,34.60%,59.40%
Michigan-05,Daniel Kildee,D,D+5,61.20%,35.10%,49.70%,45.40%
Michigan-06,Fred Upton,R,R+4,36.40%,58.60%,42.80%,51.20%
Michigan-07,Tim Walberg,R,R+7,40.00%,55.10%,38.60%,55.60%
Michigan-08,Mike Bishop,R,R+4,39.20%,56.00%,43.80%,50.50%
Michigan-09,Sander Levin,D,D+4,57.90%,37.40%,51.40%,43.70%
Michigan-10,Paul Mitchell,R,R+13,32.30%,63.10%,31.60%,63.80%
Michigan-11,OPEN (Trott),R,R+4,40.20%,52.90%,45.00%,49.40%
Michigan-12,Debbie Dingell,D,D+14,64.30%,29.30%,60.60%,34.30%
Michigan-13,John Conyers,D,D+32,77.10%,15.70%,78.80%,18.10%
Michigan-14,Brenda Lawrence,D,D+30,78.50%,18.70%,79.10%,18.20%
Minnesota-01,Open (Waltz),D,R+5,50.30%,49.60%,38.10%,52.80%
Minnesota-02,Jason Lewis,R,R+2,45.20%,47.00%,44.90%,46.10%
Minnesota-03,Erik Paulsen,R,D+1,43.00%,56.70%,50.20%,40.90%
Minnesota-04,Betty McCollum,D,D+14,57.80%,34.40%,60.90%,30.20%
Minnesota-05,Keith Ellison,D,D+26,69.10%,22.30%,73.00%,18.30%
Minnesota-06,Tom Emmer,R,R+12,34.30%,65.60%,33.00%,58.40%
Minnesota-07,Collin Peterson,D,R+12,52.50%,47.40%,30.80%,61.40%
Minnesota-08,Rick Nolan,D,R+4,50.20%,49.60%,38.30%,53.80%
Mississippi-01,Trent Kelly,R,R+16,27.90%,68.70%,32.40%,65.40%
Mississippi-02,Bennie Thompson,D,D+14,67.10%,29.10%,63.60%,35.10%
Mississippi-03,Gregg Harper,R,R+13,30.40%,66.20%,36.80%,61.30%
Mississippi-04,Steven Palazzo,R,R+21,27.80%,65.00%,28.20%,69.40%
Missouri-01,Lacy Clay,D,D+29,75.50%,20.00%,76.80%,18.80%
Missouri-02,Ann Wagner,R,R+8,37.70%,58.50%,42.10%,52.50%
Missouri-03,Blaine Luetkemeyer,R,R+18,27.90%,67.80%,28.00%,67.00%
Missouri-04,Vicky Hartzler,R,R+17,27.80%,67.80%,29.30%,65.10%
Missouri-05,Emanuel Cleaver,D,D+7,58.80%,38.20%,54.60%,39.80%
Missouri-06,Sam Graves,R,R+16,28.40%,68.00%,31.10%,63.40%
Missouri-07,Billy Long,R,R+23,27.40%,67.50%,24.60%,70.10%
Missouri-08,Jason Smith,R,R+24,22.70%,74.40%,21.10%,75.30%
Montana-AL,Greg Gianforte,R,R+11,40.50%,56.20%,35.70%,56.20%
Nebraska-01,Jeff Fortenberry,R,R+11,30.50%,69.50%,35.50%,56.20%
Nebraska-02,Don Bacon,R,R+4,47.70%,48.90%,44.90%,47.20%
Nebraska-03,Adrian Smith,R,R+27,0.00%,100.00%,19.70%,73.90%
Nevada-01,Dina Titus,D,D+15,61.90%,28.80%,61.60%,32.60%
Nevada-02,Mark Amodei,R,R+7,36.90%,58.30%,39.70%,52.00%
Nevada-03,OPEN (Rosen),D,R+2,47.20%,46.00%,46.50%,47.50%
Nevada-04,Ruben Kihuen,D,D+3,48.50%,44.50%,49.50%,44.60%
New Hampshire-01,Carol Shea-Porter,D,R+2,45.80%,44.40%,45.90%,47.50%
New Hampshire-02,Annie Kuster,D,D+2,49.80%,45.40%,47.80%,45.40%
New Jersey-01,Donald Norcross,D,D+13,60.00%,36.80%,60.60%,36.10%
New Jersey-02,Frank LoBiondo,R,R+1,37.20%,59.20%,46.00%,50.60%
New Jersey-03,Tom MacArthur,R,R+2,38.90%,59.30%,45.20%,51.40%
New Jersey-04,Chris Smith,R,R+8,33.50%,63.70%,41.00%,55.80%
New Jersey-05,Josh Gottheimer,D,R+3,51.10%,46.70%,47.70%,48.80%
New Jersey-06,Frank Pallone,D,D+9,63.70%,34.90%,56.20%,40.60%
New Jersey-07,Leonard Lance,R,R+3,43.10%,54.10%,48.60%,47.50%
New Jersey-08,Albio Sires,D,D+27,77.00%,18.50%,75.70%,21.50%
New Jersey-09,Bill Pascrell,D,D+16,69.70%,28.00%,64.30%,33.10%
New Jersey-10,Donald Payne Jr.,D,D+36,85.70%,11.90%,85.20%,12.80%
New Jersey-11,Rodney Frelinghuysen,R,R+3,38.90%,58.00%,47.90%,48.80%
New Jersey-12,Bonnie Watson Coleman,D,D+16,62.90%,32.00%,65.00%,31.80%
New Mexico-01,OPEN (Lujan Grisham),D,D+7,65.10%,34.90%,51.60%,35.10%
New Mexico-02,OPEN (Pearce),R,R+6,37.20%,62.70%,39.90%,50.10%
New Mexico-03,Ben R. Lujan,D,D+8,62.40%,37.60%,51.80%,36.70%
New York-01,Lee Zeldin,R,R+5,41.00%,58.90%,41.80%,54.00%
New York-02,Peter King,R,R+3,37.50%,62.40%,43.70%,52.60%
New York-03,Tom Suozzi,D,D+1,52.80%,47.20%,51.20%,45.10%
New York-04,Kathleen Rice,D,D+4,59.50%,40.40%,53.00%,43.40%
New York-05,Gregory Meeks,D,D+37,85.40%,13.00%,85.40%,12.60%
New York-06,Grace Meng,D,D+16,72.10%,26.70%,64.70%,31.90%
New York-07,Nydia Velazquez,D,D+38,90.70%,9.20%,86.40%,10.30%
New York-08,Hakeem Jeffries,D,D+36,93.20%,0.00%,84.20%,13.40%
New York-09,Yvette Clarke,D,D+34,92.30%,0.00%,82.90%,14.30%
New York-10,Jerrold Nadler,D,D+26,78.00%,21.90%,77.50%,18.60%
New York-11,Daniel Donovan,R,R+3,36.70%,61.50%,43.50%,53.30%
New York-12,Carolyn Maloney,D,D+31,83.10%,16.80%,82.40%,13.30%
New York-13,Adriano Espaillat,D,D+43,88.60%,6.90%,91.80%,5.40%
New York-14,Joe Crowley,D,D+29,82.80%,17.10%,77.30%,19.70%
New York-15,Jose E. Serrano,D,D+44,95.20%,3.50%,93.50%,4.90%
New York-16,Eliot Engel,D,D+24,94.40%,0.00%,74.50%,22.30%
New York-17,Nita Lowey,D,D+7,99.10%,0.00%,58.00%,38.10%
New York-18,Sean Patrick Maloney,D,R+1,55.60%,44.40%,46.60%,48.70%
New York-19,John Faso,R,R+2,45.70%,54.20%,43.50%,50.20%
New York-20,Paul Tonko,D,D+7,67.90%,32.10%,53.30%,40.00%
New York-21,Elise Stefanik,R,R+4,30.10%,65.30%,39.40%,53.10%
New York-22,Claudia Tenney,R,R+6,41.00%,46.50%,38.90%,54.20%
New York-23,Tom Reed,R,R+6,42.40%,57.60%,39.20%,53.90%
New York-24,John Katko,R,D+3,39.40%,60.50%,48.60%,45.00%
New York-25,Louise M. Slaughter,D,D+8,56.10%,43.80%,54.90%,38.70%
New York-26,Brian Higgins,D,D+11,74.60%,25.40%,57.50%,37.90%
New York-27,Chris Collins,R,R+11,32.80%,67.20%,35.00%,59.30%
North Carolina-01,G.K. Butterfield,D,D+17,68.60%,29.00%,65.90%,31.10%
North Carolina-02,George Holding,R,R+6,43.30%,56.70%,44.60%,50.90%
North Carolina-03,Walter Jones,R,R+12,32.80%,67.20%,37.00%,59.60%
North Carolina-04,David Price,D,D+16,68.20%,31.80%,65.70%,29.00%
North Carolina-05,Virginia Foxx,R,R+10,41.60%,58.40%,39.20%,56.60%
North Carolina-06,Mark Walker,R,R+9,40.80%,59.20%,41.00%,55.60%
North Carolina-07,David Rouzer,R,R+9,39.10%,60.90%,39.60%,56.90%
North Carolina-08,Richard Hudson,R,R+8,41.20%,58.80%,40.70%,55.50%
North Carolina-09,Robert Pittenger,R,R+7,41.80%,58.20%,42.40%,53.50%
North Carolina-10,Patrick McHenry,R,R+13,36.90%,63.10%,35.70%,60.50%
North Carolina-11,Mark Meadows,R,R+14,35.90%,64.10%,33.70%,62.00%
North Carolina-12,Alma Adams,D,D+18,67.00%,33.00%,67.20%,28.20%
North Carolina-13,Ted Budd,R,R+6,43.90%,56.10%,43.50%,52.70%
North Dakota-AL,Kevin Cramer,R,R+16,23.70%,69.10%,27.20%,63.00%
Ohio-01,Steve Chabot,R,R+5,40.80%,59.20%,44.50%,51.10%
Ohio-02,Brad Wenstrup,R,R+9,32.80%,65.00%,39.50%,55.60%
Ohio-03,Joyce Beatty,D,D+19,68.60%,31.40%,67.20%,28.30%
Ohio-04,Jim Jordan,R,R+14,32.00%,68.00%,30.50%,63.90%
Ohio-05,Bob Latta,R,R+11,29.10%,70.90%,34.40%,59.30%
Ohio-06,Bill Johnson,R,R+16,29.30%,70.70%,26.50%,68.90%
Ohio-07,Bob Gibbs,R,R+12,29.00%,64.00%,32.70%,62.40%
Ohio-08,Warren Davidson,R,R+17,27.00%,68.80%,30.40%,64.70%
Ohio-09,Marcy Kaptur,D,D+14,68.70%,31.30%,58.70%,36.50%
Ohio-10,Mike Turner,R,R+4,32.70%,64.10%,43.80%,51.00%
Ohio-11,Marcia Fudge,D,D+32,80.30%,19.70%,80.50%,17.00%
Ohio-12,Pat Tiberi,R,R+7,29.80%,66.60%,41.60%,53.10%
Ohio-13,Tim Ryan,D,D+7,67.70%,32.30%,51.10%,44.60%
Ohio-14,David Joyce,R,R+5,37.40%,62.60%,42.00%,53.40%
Ohio-15,Steve Stivers,R,R+7,33.80%,66.20%,39.60%,55.20%
Ohio-16,(Open) Renacci,R,R+8,34.70%,65.30%,39.40%,56.10%
Oklahoma-01,Jim Bridenstine,R,R+17,0.00%,100.00%,32.70%,61.40%
Oklahoma-02,Markwayne Mullin,R,R+24,23.20%,70.60%,22.80%,72.90%
Oklahoma-03,Frank Lucas,R,R+27,21.70%,78.30%,20.90%,73.60%
Oklahoma-04,Tom Cole,R,R+20,26.10%,69.60%,28.40%,65.60%
Oklahoma-05,Steve Russell,R,R+10,36.80%,57.10%,39.70%,53.30%
Oregon-01,Suzanne Bonamici,D,D+9,59.60%,37.00%,55.00%,33.10%
Oregon-02,Greg Walden,R,R+11,28.00%,71.70%,35.30%,54.70%
Oregon-03,Earl Blumenauer,D,D+24,71.80%,0.00%,68.40%,21.70%
Oregon-04,Peter DeFazio,D,EVEN,55.50%,39.70%,44.50%,44.40%
Oregon-05,Kurt Schrader,D,EVEN,53.50%,43.00%,46.40%,42.30%
Pennsylvania-01,Brian Fitzpatrick,R,D+31,45.50%,49.10%,47.10%,18.20%
Pennsylvania-02,Brendan Boyle,D,D+40,82.20%,72.90%,24.90%,7.60%
Pennsylvania-03,Dwight Evans,D,R+11,90.20%,90.90%,7.00%,61.10%
Pennsylvania-04,Robert Brady,D,R+1,100.00%,57.90%,38.50%,58.60%
Pennsylvania-05,Patrick Meehan,R,D+25,40.50%,62.60%,34.40%,62.30%
Pennsylvania-06,Ryan Costello,R,D+41,42.70%,52.60%,43.30%,47.60%
Pennsylvania-07,Charles Dent,R,D+7,38.00%,48.70%,47.60%,47.00%
Pennsylvania-08,Matthew Cartwright,D,D+13,53.80%,43.70%,53.20%,48.20%
Pennsylvania-09,Lou Barletta,R,D+2,36.30%,31.00%,65.00%,69.80%
Pennsylvania-10,Scott Perry,R,D+1,33.90%,43.40%,52.30%,66.10%
Pennsylvania-11,Lloyd Smucker,R,R+1,42.90%,34.70%,60.50%,60.00%
Pennsylvania-12,Tom Marino,R,R+14,29.80%,29.80%,66.30%,58.60%
Pennsylvania-13,Bill Shuster,R,R+6,36.70%,25.50%,71.00%,31.70%
Pennsylvania-14,Conor Lamb,D,R+14,0.00%,33.90%,62.90%,30.60%
Pennsylvania-15,Glenn Thompson,R,R+17,32.80%,26.60%,70.00%,51.80%
Pennsylvania-16,Mike Kelly,R,R+22,0.00%,38.00%,57.90%,51.00%
Pennsylvania-17,Keith Rothfus,R,R+14,38.20%,46.70%,49.20%,53.40%
Pennsylvania-18,Mike Doyle,D,R+20,74.40%,61.70%,34.90%,58.10%
Rhode Island-01,David Cicilline,D,R+8,64.50%,35.10%,59.20%,34.30%
Rhode Island-02,Jim Langevin,D,R+3,58.10%,30.70%,49.90%,43.10%
South Carolina-01,Mark Sanford,R,D+13,36.80%,58.60%,40.50%,53.20%
South Carolina-02,Joe Wilson,R,R+13,35.90%,60.20%,38.10%,56.70%
South Carolina-03,Jeff Duncan,R,R+19,27.10%,72.80%,29.00%,67.00%
South Carolina-04,Trey Gowdy,R,R+15,31.00%,67.20%,34.20%,60.00%
South Carolina-05,Ralph Norman,R,R+9,38.70%,59.20%,38.80%,57.30%
South Carolina-06,Jim Clyburn,D,D+20,70.10%,27.60%,67.10%,29.70%
South Carolina-07,Tom Rice,R,R+9,38.90%,61.00%,39.20%,57.90%
South Dakota-AL,(Open) Noem,R,R+14,35.90%,64.10%,31.70%,61.50%
Tennessee-01,Phil Roe,R,R+28,15.40%,78.40%,19.60%,76.40%
Tennessee-02,OPEN (Duncan),R,R+20,24.40%,75.60%,29.50%,64.70%
Tennessee-03,Chuck Fleischmann,R,R+18,28.80%,66.40%,30.00%,65.10%
Tennessee-04,Scott DesJarlais,R,R+20,35.00%,65.00%,27.20%,68.10%
Tennessee-05,Jim Cooper,D,D+7,62.60%,37.40%,56.00%,37.90%
Tennessee-06,OPEN (Black),R,R+24,21.80%,71.10%,23.60%,72.30%
Tennessee-07,Marsha Blackburn,R,R+20,23.50%,72.20%,28.00%,67.00%
Tennessee-08,David Kustoff,R,R+19,25.10%,68.80%,30.50%,65.80%
Tennessee-09,Steve Cohen,D,D+28,78.70%,18.90%,76.90%,19.60%
Texas-01,Louie Gohmert,R,R+25,24.10%,73.90%,25.10%,71.70%
Texas-02,Ted Poe,R,R+11,36.00%,60.60%,42.80%,52.00%
Texas-03,(Open) Johnson,R,R+13,34.60%,61.20%,39.90%,53.80%
Texas-04,John Ratcliffe,R,R+28,0.00%,88.00%,21.60%,74.90%
Texas-05,Jeb Hensarling,R,R+16,0.00%,80.60%,34.20%,62.50%
Texas-06,Joe Barton,R,R+9,39.00%,58.30%,41.60%,53.80%
Texas-07,John Culberson,R,R+7,43.80%,56.20%,48.20%,46.80%
Texas-08,Kevin Brady,R,R+28,0.00%,100.00%,23.60%,71.90%
Texas-09,Al Green,D,D+29,80.60%,19.40%,79.10%,18.00%
Texas-10,Michael McCaul,R,R+9,38.40%,57.30%,42.80%,51.90%
Texas-11,Mike Conaway,R,R+32,0.00%,89.50%,19.00%,77.50%
Texas-12,Kay Granger,R,R+18,26.90%,69.40%,32.50%,62.40%
Texas-13,Mac Thornberry,R,R+33,0.00%,90.00%,16.80%,79.50%
Texas-14,Randy Weber,R,R+12,38.10%,61.90%,38.30%,58.00%
Texas-15,Vicente Gonzalez,D,D+7,57.30%,37.70%,56.20%,39.70%
Texas-16,(Open) O'Rourke,D,D+17,85.70%,0.00%,67.20%,26.90%
Texas-17,Bill Flores,R,R+12,35.20%,60.80%,38.40%,55.70%
Texas-18,Sheila Jackson Lee,D,D+27,73.50%,23.60%,76.20%,19.90%
Texas-19,Jodey Arrington,R,R+27,0.00%,86.70%,23.30%,72.00%
Texas-20,Joaquin Castro,D,D+10,79.70%,0.00%,60.20%,33.90%
Texas-21,Lamar Smith,R,R+10,36.40%,57.00%,42.10%,51.90%
Texas-22,Pete Olson,R,R+10,40.50%,59.50%,43.90%,51.70%
Texas-23,Will Hurd,R,R+1,47.00%,48.30%,49.40%,45.90%
Texas-24,Kenny Marchant,R,R+9,39.30%,56.20%,44.30%,50.50%
Texas-25,Roger Williams,R,R+11,37.70%,58.30%,39.90%,54.70%
Texas-26,Michael Burgess,R,R+18,29.60%,66.40%,34.00%,60.30%
Texas-27,Blake Farenthold,R,R+13,38.30%,61.70%,36.40%,59.80%
Texas-28,Henry Cuellar,D,D+9,66.20%,31.30%,57.80%,38.10%
Texas-29,Gene Green,D,D+19,72.50%,24.00%,71.00%,25.40%
Texas-30,Eddie Bernice Johnson,D,D+29,81.60%,15.10%,79.10%,18.30%
Texas-31,John Carter,R,R+10,36.50%,58.40%,40.10%,52.60%
Texas-32,Pete Sessions,R,R+5,0.00%,71.10%,48.40%,46.60%
Texas-33,Marc Veasey,D,D+23,73.70%,26.30%,72.80%,23.70%
Texas-34,Filemon Vela,D,D+10,62.70%,37.30%,59.10%,37.60%
Texas-35,Lloyd Doggett,D,D+15,63.10%,31.60%,63.60%,30.30%
Texas-36,Brian Babin,R,R+26,0.00%,88.60%,25.10%,71.70%
Utah-01,Rob Bishop,R,R+26,26.40%,65.90%,22.40%,49.70%
Utah-02,Chris Stewart,R,R+16,33.90%,61.60%,32.00%,46.00%
Utah-03,VACENT (Chaffetz),R,R+25,26.50%,73.50%,23.30%,47.20%
Utah-04,Mia Love,R,R+13,41.30%,53.80%,32.40%,39.10%
Vermont-AL,Peter Welch,D,D+15,89.50%,0.00%,56.70%,30.30%
Virginia-01,Rob Wittman,R,R+8,36.60%,59.90%,40.90%,53.10%
Virginia-02,Scott Taylor,R,R+3,38.50%,61.30%,45.00%,48.40%
Virginia-03,Bobby Scott,D,D+16,66.70%,33.10%,63.20%,31.70%
Virginia-04,Don McEachin,D,D+10,57.70%,42.00%,58.40%,37.00%
Virginia-05,Tom Garrett,R,R+6,41.60%,58.20%,42.10%,53.10%
Virginia-06,Bob Goodlatte,R,R+13,33.10%,66.60%,34.70%,59.30%
Virginia-07,Dave Brat,R,R+6,42.20%,57.50%,43.70%,50.20%
Virginia-08,Don Beyer,D,D+21,68.40%,27.30%,72.40%,20.60%
Virginia-09,Morgan Griffith,R,R+19,28.30%,68.60%,27.20%,68.40%
Virginia-10,Barbara Comstock,R,D+1,46.90%,52.70%,51.60%,41.70%
Virginia-11,Gerry Connolly,D,D+15,87.90%,0.00%,66.10%,27.20%
Washington-01,Suzan DelBene,D,D+6,55.40%,44.60%,54.20%,37.80%
Washington-02,Rick Larsen,D,D+10,64.00%,36.00%,56.90%,34.80%
Washington-03,Jaime Herrera Beutler,R,R+4,38.20%,61.80%,42.50%,49.90%
Washington-04,Dan Newhouse,R,R+13,0.00%,100.00%,35.10%,57.90%
Washington-05,Cathy McMorris Rodgers,R,R+8,40.40%,59.60%,39.10%,52.20%
Washington-06,Derek Kilmer,D,D+6,61.50%,38.50%,51.80%,39.50%
Washington-07,Pramila Jayapal,D,D+33,100.00%,0.00%,82.10%,12.20%
Washington-08,OPEN (Reichert),R,EVEN,39.80%,60.20%,47.70%,44.70%
Washington-09,Adam Smith,D,D+21,72.90%,27.10%,70.40%,23.40%
Washington-10,Denny Heck,D,D+5,58.70%,41.30%,51.20%,39.90%
West Virginia-01,David McKinley,R,R+19,31.00%,69.00%,26.40%,68.00%
West Virginia-02,Alex Mooney,R,R+17,41.80%,58.20%,29.40%,65.80%
West Virginia-03,OPEN (Jenkins),R,R+23,24.00%,67.90%,23.30%,72.50%
Wisconsin-01,Paul Ryan,R,R+5,30.20%,64.90%,41.80%,52.10%
Wisconsin-02,Mark Pocan,D,D+18,68.70%,31.20%,64.90%,28.60%
Wisconsin-03,Ron Kind,D,EVEN,98.90%,0.00%,44.30%,48.80%
Wisconsin-04,Gwen Moore,D,D+25,76.70%,0.00%,73.00%,21.50%
Wisconsin-05,Jim Sensenbrenner,R,R+13,29.30%,66.70%,36.70%,56.50%
Wisconsin-06,Glenn Grothman,R,R+8,37.30%,57.20%,38.20%,54.80%
Wisconsin-07,Sean Duffy,R,R+8,38.30%,61.70%,36.90%,57.20%
Wisconsin-08,Mike Gallagher,R,R+7,37.30%,62.60%,38.30%,55.70%
Wyoming-AL,Liz Cheney,R,R+25,30.00%,62.00%,21.90%,68.20%
